route,period,index_value,weight,base_period
DEL-BOM,2026-09-12,100.20,0.18,2026-09-12/2026-09-18
BOM-DEL,2026-09-12,100.15,0.17,2026-09-12/2026-09-18
DEL-BLR,2026-09-12,99.70,0.12,2026-09-12/2026-09-18
BLR-DEL,2026-09-12,99.65,0.11,2026-09-12/2026-09-18
DEL-HYD,2026-09-12,99.67,0.09,2026-09-12/2026-09-18
BOM-BLR,2026-09-12,99.89,0.08,2026-09-12/2026-09-18
DEL-CCU,2026-09-12,100.00,0.08,2026-09-12/2026-09-18
BOM-GOI,2026-09-12,100.94,0.07,2026-09-12/2026-09-18
BLR-PNQ,2026-09-12,99.38,0.05,2026-09-12/2026-09-18
DEL-MAA,2026-09-12,99.84,0.05,2026-09-12/2026-09-18
NATIONAL,2026-09-12,99.98,1.00,2026-09-12/2026-09-18
DEL-BOM,2026-09-13,99.96,0.18,2026-09-12/2026-09-18
BOM-DEL,2026-09-13,100.11,0.17,2026-09-12/2026-09-18
DEL-BLR,2026-09-13,100.29,0.12,2026-09-12/2026-09-18
BLR-DEL,2026-09-13,100.76,0.11,2026-09-12/2026-09-18
DEL-HYD,2026-09-13,100.79,0.09,2026-09-12/2026-09-18
BOM-BLR,2026-09-13,100.56,0.08,2026-09-12/2026-09-18
DEL-CCU,2026-09-13,100.05,0.08,2026-09-12/2026-09-18
BOM-GOI,2026-09-13,99.24,0.07,2026-09-12/2026-09-18
BLR-PNQ,2026-09-13,100.57,0.05,2026-09-12/2026-09-18
DEL-MAA,2026-09-13,100.06,0.05,2026-09-12/2026-09-18
NATIONAL,2026-09-13,100.23,1.00,2026-09-12/2026-09-18
DEL-BOM,2026-09-14,99.98,0.18,2026-09-12/2026-09-18
BOM-DEL,2026-09-14,99.92,0.17,2026-09-12/2026-09-18
DEL-BLR,2026-09-14,99.35,0.12,2026-09-12/2026-09-18
BLR-DEL,2026-09-14,99.57,0.11,2026-09-12/2026-09-18
DEL-HYD,2026-09-14,99.94,0.09,2026-09-12/2026-09-18
BOM-BLR,2026-09-14,99.45,0.08,2026-09-12/2026-09-18
DEL-CCU,2026-09-14,100.06,0.08,2026-09-12/2026-09-18
BOM-GOI,2026-09-14,99.52,0.07,2026-09-12/2026-09-18
BLR-PNQ,2026-09-14,100.37,0.05,2026-09-12/2026-09-18
DEL-MAA,2026-09-14,98.78,0.05,2026-09-12/2026-09-18
NATIONAL,2026-09-14,99.74,1.00,2026-09-12/2026-09-18
DEL-BOM,2026-09-15,99.43,0.18,2026-09-12/2026-09-18
BOM-DEL,2026-09-15,100.79,0.17,2026-09-12/2026-09-18
DEL-BLR,2026-09-15,100.53,0.12,2026-09-12/2026-09-18
BLR-DEL,2026-09-15,100.36,0.11,2026-09-12/2026-09-18
DEL-HYD,2026-09-15,99.63,0.09,2026-09-12/2026-09-18
BOM-BLR,2026-09-15,100.81,0.08,2026-09-12/2026-09-18
DEL-CCU,2026-09-15,99.10,0.08,2026-09-12/2026-09-18
BOM-GOI,2026-09-15,99.10,0.07,2026-09-12/2026-09-18
BLR-PNQ,2026-09-15,101.35,0.05,2026-09-12/2026-09-18
DEL-MAA,2026-09-15,99.91,0.05,2026-09-12/2026-09-18
NATIONAL,2026-09-15,100.10,1.00,2026-09-12/2026-09-18
DEL-BOM,2026-09-16,99.81,0.18,2026-09-12/2026-09-18
BOM-DEL,2026-09-16,100.57,0.17,2026-09-12/2026-09-18
DEL-BLR,2026-09-16,99.51,0.12,2026-09-12/2026-09-18
BLR-DEL,2026-09-16,100.49,0.11,2026-09-12/2026-09-18
DEL-HYD,2026-09-16,101.24,0.09,2026-09-12/2026-09-18
BOM-BLR,2026-09-16,100.80,0.08,2026-09-12/2026-09-18
DEL-CCU,2026-09-16,100.42,0.08,2026-09-12/2026-09-18
BOM-GOI,2026-09-16,100.18,0.07,2026-09-12/2026-09-18
BLR-PNQ,2026-09-16,98.48,0.05,2026-09-12/2026-09-18
DEL-MAA,2026-09-16,100.84,0.05,2026-09-12/2026-09-18
NATIONAL,2026-09-16,100.25,1.00,2026-09-12/2026-09-18
DEL-BOM,2026-09-17,98.97,0.18,2026-09-12/2026-09-18
BOM-DEL,2026-09-17,99.57,0.17,2026-09-12/2026-09-18
DEL-BLR,2026-09-17,101.11,0.12,2026-09-12/2026-09-18
BLR-DEL,2026-09-17,100.02,0.11,2026-09-12/2026-09-18
DEL-HYD,2026-09-17,99.02,0.09,2026-09-12/2026-09-18
BOM-BLR,2026-09-17,100.03,0.08,2026-09-12/2026-09-18
DEL-CCU,2026-09-17,100.64,0.08,2026-09-12/2026-09-18
BOM-GOI,2026-09-17,100.28,0.07,2026-09-12/2026-09-18
BLR-PNQ,2026-09-17,100.57,0.05,2026-09-12/2026-09-18
DEL-MAA,2026-09-17,100.35,0.05,2026-09-12/2026-09-18
NATIONAL,2026-09-17,99.91,1.00,2026-09-12/2026-09-18
DEL-BOM,2026-09-18,101.66,0.18,2026-09-12/2026-09-18
BOM-DEL,2026-09-18,98.89,0.17,2026-09-12/2026-09-18
DEL-BLR,2026-09-18,99.53,0.12,2026-09-12/2026-09-18
BLR-DEL,2026-09-18,99.16,0.11,2026-09-12/2026-09-18
DEL-HYD,2026-09-18,99.73,0.09,2026-09-12/2026-09-18
BOM-BLR,2026-09-18,98.48,0.08,2026-09-12/2026-09-18
DEL-CCU,2026-09-18,99.73,0.08,2026-09-12/2026-09-18
BOM-GOI,2026-09-18,100.75,0.07,2026-09-12/2026-09-18
BLR-PNQ,2026-09-18,99.31,0.05,2026-09-12/2026-09-18
DEL-MAA,2026-09-18,100.23,0.05,2026-09-12/2026-09-18
NATIONAL,2026-09-18,99.82,1.00,2026-09-12/2026-09-18
DEL-BOM,2026-09-19,98.67,0.18,2026-09-12/2026-09-18
BOM-DEL,2026-09-19,99.18,0.17,2026-09-12/2026-09-18
DEL-BLR,2026-09-19,99.30,0.12,2026-09-12/2026-09-18
BLR-DEL,2026-09-19,100.56,0.11,2026-09-12/2026-09-18
DEL-HYD,2026-09-19,99.53,0.09,2026-09-12/2026-09-18
BOM-BLR,2026-09-19,99.45,0.08,2026-09-12/2026-09-18
DEL-CCU,2026-09-19,99.81,0.08,2026-09-12/2026-09-18
BOM-GOI,2026-09-19,100.82,0.07,2026-09-12/2026-09-18
BLR-PNQ,2026-09-19,98.69,0.05,2026-09-12/2026-09-18
DEL-MAA,2026-09-19,98.88,0.05,2026-09-12/2026-09-18
NATIONAL,2026-09-19,99.43,1.00,2026-09-12/2026-09-18
DEL-BOM,2026-09-20,98.49,0.18,2026-09-12/2026-09-18
BOM-DEL,2026-09-20,98.14,0.17,2026-09-12/2026-09-18
DEL-BLR,2026-09-20,99.72,0.12,2026-09-12/2026-09-18
BLR-DEL,2026-09-20,101.35,0.11,2026-09-12/2026-09-18
DEL-HYD,2026-09-20,99.90,0.09,2026-09-12/2026-09-18
BOM-BLR,2026-09-20,100.15,0.08,2026-09-12/2026-09-18
DEL-CCU,2026-09-20,99.28,0.08,2026-09-12/2026-09-18
BOM-GOI,2026-09-20,100.45,0.07,2026-09-12/2026-09-18
BLR-PNQ,2026-09-20,101.20,0.05,2026-09-12/2026-09-18
DEL-MAA,2026-09-20,100.65,0.05,2026-09-12/2026-09-18
NATIONAL,2026-09-20,99.60,1.00,2026-09-12/2026-09-18
DEL-BOM,2026-09-21,160.37,0.18,2026-09-12/2026-09-18
BOM-DEL,2026-09-21,98.94,0.17,2026-09-12/2026-09-18
DEL-BLR,2026-09-21,100.45,0.12,2026-09-12/2026-09-18
BLR-DEL,2026-09-21,99.06,0.11,2026-09-12/2026-09-18
DEL-HYD,2026-09-21,99.58,0.09,2026-09-12/2026-09-18
BOM-BLR,2026-09-21,100.95,0.08,2026-09-12/2026-09-18
DEL-CCU,2026-09-21,101.88,0.08,2026-09-12/2026-09-18
BOM-GOI,2026-09-21,101.26,0.07,2026-09-12/2026-09-18
BLR-PNQ,2026-09-21,100.49,0.05,2026-09-12/2026-09-18
DEL-MAA,2026-09-21,99.05,0.05,2026-09-12/2026-09-18
NATIONAL,2026-09-21,110.89,1.00,2026-09-12/2026-09-18
DEL-BOM,2026-09-22,98.71,0.18,2026-09-12/2026-09-18
BOM-DEL,2026-09-22,100.30,0.17,2026-09-12/2026-09-18
DEL-BLR,2026-09-22,98.73,0.12,2026-09-12/2026-09-18
BLR-DEL,2026-09-22,101.18,0.11,2026-09-12/2026-09-18
DEL-HYD,2026-09-22,101.74,0.09,2026-09-12/2026-09-18
BOM-BLR,2026-09-22,100.71,0.08,2026-09-12/2026-09-18
DEL-CCU,2026-09-22,100.61,0.08,2026-09-12/2026-09-18
BOM-GOI,2026-09-22,101.98,0.07,2026-09-12/2026-09-18
BLR-PNQ,2026-09-22,99.14,0.05,2026-09-12/2026-09-18
DEL-MAA,2026-09-22,100.93,0.05,2026-09-12/2026-09-18
NATIONAL,2026-09-22,100.20,1.00,2026-09-12/2026-09-18
DEL-BOM,2026-09-23,99.72,0.18,2026-09-12/2026-09-18
BOM-DEL,2026-09-23,99.33,0.17,2026-09-12/2026-09-18
DEL-BLR,2026-09-23,99.96,0.12,2026-09-12/2026-09-18
BLR-DEL,2026-09-23,99.58,0.11,2026-09-12/2026-09-18
DEL-HYD,2026-09-23,101.22,0.09,2026-09-12/2026-09-18
BOM-BLR,2026-09-23,100.43,0.08,2026-09-12/2026-09-18
DEL-CCU,2026-09-23,100.54,0.08,2026-09-12/2026-09-18
BOM-GOI,2026-09-23,100.37,0.07,2026-09-12/2026-09-18
BLR-PNQ,2026-09-23,101.24,0.05,2026-09-12/2026-09-18
DEL-MAA,2026-09-23,98.65,0.05,2026-09-12/2026-09-18
NATIONAL,2026-09-23,99.99,1.00,2026-09-12/2026-09-18
DEL-BOM,2026-09-24,100.25,0.18,2026-09-12/2026-09-18
BOM-DEL,2026-09-24,100.07,0.17,2026-09-12/2026-09-18
DEL-BLR,2026-09-24,100.39,0.12,2026-09-12/2026-09-18
BLR-DEL,2026-09-24,99.79,0.11,2026-09-12/2026-09-18
DEL-HYD,2026-09-24,102.01,0.09,2026-09-12/2026-09-18
BOM-BLR,2026-09-24,100.16,0.08,2026-09-12/2026-09-18
DEL-CCU,2026-09-24,100.28,0.08,2026-09-12/2026-09-18
BOM-GOI,2026-09-24,101.10,0.07,2026-09-12/2026-09-18
BLR-PNQ,2026-09-24,99.46,0.05,2026-09-12/2026-09-18
DEL-MAA,2026-09-24,100.92,0.05,2026-09-12/2026-09-18
NATIONAL,2026-09-24,100.39,1.00,2026-09-12/2026-09-18
DEL-BOM,2026-09-25,101.63,0.18,2026-09-12/2026-09-18
BOM-DEL,2026-09-25,99.63,0.17,2026-09-12/2026-09-18
DEL-BLR,2026-09-25,98.86,0.12,2026-09-12/2026-09-18
BLR-DEL,2026-09-25,100.76,0.11,2026-09-12/2026-09-18
DEL-HYD,2026-09-25,100.77,0.09,2026-09-12/2026-09-18
BOM-BLR,2026-09-25,100.13,0.08,2026-09-12/2026-09-18
DEL-CCU,2026-09-25,99.36,0.08,2026-09-12/2026-09-18
BOM-GOI,2026-09-25,101.47,0.07,2026-09-12/2026-09-18
BLR-PNQ,2026-09-25,100.10,0.05,2026-09-12/2026-09-18
DEL-MAA,2026-09-25,99.23,0.05,2026-09-12/2026-09-18
NATIONAL,2026-09-25,100.28,1.00,2026-09-12/2026-09-18
